date,member_id,attending,transport_mode,pickup_override,ready_after,notes
2026-10-05,demo-001,true,carpool,,04:00,
2026-10-05,demo-002,true,carpool,,04:00,
2026-10-05,demo-003,true,carpool,,04:00,
2026-10-05,demo-004,true,carpool,,04:00,
2026-10-05,demo-005,true,carpool,,04:00,
2026-10-05,demo-006,true,carpool,,04:00,
2026-10-05,demo-007,true,carpool,,04:00,
2026-10-05,demo-008,true,carpool,,04:00,
2026-10-05,demo-009,true,carpool,,04:00,
2026-10-05,demo-010,true,carpool,,04:00,
2026-10-05,demo-011,true,carpool,,04:00,
2026-10-05,demo-012,true,carpool,,04:00,
2026-10-05,demo-013,true,carpool,,04:00,
2026-10-05,demo-014,true,carpool,,04:00,
2026-10-05,demo-015,true,carpool,,04:00,
2026-10-05,demo-016,true,carpool,,04:00,
2026-10-05,demo-017,true,external,,04:00,
2026-10-05,demo-018,true,self,,04:00,
2026-10-06,demo-001,true,carpool,,04:00,
2026-10-06,demo-002,true,carpool,,04:00,
2026-10-06,demo-003,true,carpool,,04:00,
2026-10-06,demo-004,true,carpool,,04:00,
2026-10-06,demo-005,true,carpool,,04:00,
2026-10-06,demo-006,true,carpool,,04:00,
2026-10-06,demo-007,true,carpool,,04:00,
2026-10-06,demo-008,true,carpool,,04:00,
2026-10-06,demo-009,true,carpool,,04:00,
2026-10-06,demo-010,true,carpool,,04:00,
2026-10-06,demo-011,true,carpool,,04:00,
2026-10-06,demo-012,true,carpool,,04:00,
2026-10-06,demo-013,true,carpool,,04:00,
2026-10-06,demo-014,true,carpool,,04:00,
2026-10-06,demo-015,true,carpool,,04:00,
2026-10-06,demo-016,true,carpool,,04:00,
2026-10-06,demo-017,true,external,,04:00,
2026-10-06,demo-018,true,self,,04:00,
2026-10-07,demo-001,true,carpool,,04:00,
2026-10-07,demo-002,true,carpool,,04:00,
2026-10-07,demo-003,true,carpool,,04:00,
2026-10-07,demo-004,true,carpool,,04:00,
2026-10-07,demo-005,true,carpool,,04:00,
2026-10-07,demo-006,true,carpool,,04:00,
2026-10-07,demo-007,true,carpool,,04:00,
2026-10-07,demo-008,true,carpool,,04:00,
2026-10-07,demo-009,true,carpool,,04:00,
2026-10-07,demo-010,true,carpool,,04:00,
2026-10-07,demo-011,true,carpool,,04:00,
2026-10-07,demo-012,true,carpool,,04:00,
2026-10-07,demo-013,true,carpool,,04:00,
2026-10-07,demo-014,true,carpool,,04:00,
2026-10-07,demo-015,true,carpool,,04:00,
2026-10-07,demo-016,true,carpool,,04:00,
2026-10-07,demo-017,true,external,,04:00,
2026-10-07,demo-018,true,self,,04:00,
2026-10-08,demo-001,true,carpool,,04:00,
2026-10-08,demo-002,true,carpool,,04:00,
2026-10-08,demo-003,true,carpool,,04:00,
2026-10-08,demo-004,true,carpool,,04:00,
2026-10-08,demo-005,true,carpool,,04:00,
2026-10-08,demo-006,true,carpool,,04:00,
2026-10-08,demo-007,true,carpool,,04:00,
2026-10-08,demo-008,true,carpool,,04:00,
2026-10-08,demo-009,true,carpool,,04:00,
2026-10-08,demo-010,true,carpool,,04:00,
2026-10-08,demo-011,true,carpool,,04:00,
2026-10-08,demo-012,true,carpool,,04:00,
2026-10-08,demo-013,true,carpool,,04:00,
2026-10-08,demo-014,true,carpool,,04:00,
2026-10-08,demo-015,true,carpool,,04:00,
2026-10-08,demo-016,true,carpool,,04:00,
2026-10-08,demo-017,true,external,,04:00,
2026-10-08,demo-018,true,self,,04:00,
2026-10-09,demo-001,true,carpool,,04:00,
2026-10-09,demo-002,true,carpool,,04:00,
2026-10-09,demo-003,true,carpool,,04:00,
2026-10-09,demo-004,true,carpool,,04:00,
2026-10-09,demo-005,true,carpool,,04:00,
2026-10-09,demo-006,true,carpool,,04:00,
2026-10-09,demo-007,true,carpool,,04:00,
2026-10-09,demo-008,true,carpool,,04:00,
2026-10-09,demo-009,true,carpool,,04:00,
2026-10-09,demo-010,true,carpool,,04:00,
2026-10-09,demo-011,true,carpool,,04:00,
2026-10-09,demo-012,true,carpool,,04:00,
2026-10-09,demo-013,true,carpool,,04:00,
2026-10-09,demo-014,true,carpool,,04:00,
2026-10-09,demo-015,true,carpool,,04:00,
2026-10-09,demo-016,true,carpool,,04:00,
2026-10-09,demo-017,true,external,,04:00,
2026-10-09,demo-018,true,self,,04:00,
