date,member_id,available,total_seats,source,start_address,earliest_departure,max_route_minutes
2026-10-05,demo-001,true,5,simulated,,,
2026-10-05,demo-002,true,5,simulated,,,
2026-10-05,demo-003,true,5,simulated,,,
2026-10-05,demo-004,true,5,simulated,,,
2026-10-05,demo-005,true,5,simulated,,,
2026-10-05,demo-006,true,5,simulated,,,
2026-10-06,demo-001,true,5,simulated,,,
2026-10-06,demo-002,true,5,simulated,,,
2026-10-06,demo-003,true,5,simulated,,,
2026-10-06,demo-004,true,5,simulated,,,
2026-10-06,demo-005,true,5,simulated,,,
2026-10-06,demo-006,true,5,simulated,,,
2026-10-07,demo-001,true,5,simulated,,,
2026-10-07,demo-002,true,5,simulated,,,
2026-10-07,demo-003,true,5,simulated,,,
2026-10-07,demo-004,true,5,simulated,,,
2026-10-07,demo-005,true,5,simulated,,,
2026-10-07,demo-006,true,5,simulated,,,
2026-10-08,demo-001,true,5,simulated,,,
2026-10-08,demo-002,true,5,simulated,,,
2026-10-08,demo-003,true,5,simulated,,,
2026-10-08,demo-004,true,5,simulated,,,
2026-10-08,demo-005,true,5,simulated,,,
2026-10-08,demo-006,true,5,simulated,,,
2026-10-09,demo-001,true,5,simulated,,,
2026-10-09,demo-002,true,5,simulated,,,
2026-10-09,demo-003,true,5,simulated,,,
2026-10-09,demo-004,true,5,simulated,,,
2026-10-09,demo-005,true,5,simulated,,,
2026-10-09,demo-006,true,5,simulated,,,
